Product_Name,Pricing,Ratings,
Apple MacBook Air Core i5 5th Gen - (8 GB/128 GB SSD/Mac OS Sierra) MQD32HN/A A1466,Rs.66990,4.723,
Apple MacBook Air Core i5 8th Gen - (8 GB/256 GB SSD/Mac OS Mojave) A1932,Rs.109900,4.7195,
Apple MacBook Air Core i5 8th Gen - (8 GB/256 GB SSD/Mac OS Mojave) MVFN2HN/A,Rs.114990,4.7195,
Apple MacBook Air Core i5 8th Gen - (8 GB/128 GB SSD/Mac OS Mojave) MVFM2HN/A,Rs.94990,4.7450,
Apple MacBook Air Core i5 8th Gen - (8 GB/128 GB SSD/Mac OS Mojave) MVFH2HN/A,Rs.94990,4.7450,
Apple MacBook Air Core i5 8th Gen - (8 GB/256 GB SSD/Mac OS Mojave) MRE92HN/A,Rs.127990,4.7195,
Apple MacBook Air Core i5 8th Gen - (8 GB/256 GB SSD/Mac OS Mojave) MREF2HN/A,Rs.127990,4.7195,
Apple MacBook Air Core i5 8th Gen - (8 GB/128 GB SSD/Mac OS Mojave) MVFK2HN/A,Rs.94990,4.7450,
Apple MacBook Pro Core i5 8th Gen - (8 GB/128 GB SSD/Mac OS Mojave) MUHQ2HN/A,Rs.114990,4.530,
Apple MacBook Pro Core i5 8th Gen - (8 GB/256 GB SSD/Mac OS Mojave) MV962HN,Rs.154990,4.5125,
Apple MacBook Pro Core i5 8th Gen - (8 GB/512 GB SSD/Mac OS Mojave) MV972HN,Rs.169990,4.845,
Apple MacBook Pro Core i5 7th Gen - (8 GB/128 GB SSD/Mac OS Sierra) MPXQ2HN/A,Rs.112990,4.6105,
Apple MacBook Pro Core i5 - (8 GB/128 GB SSD/OS X Yosemite) MF839HN/A,Rs.95299No Cost,4.6211,
Apple MacBook Air Core i5 8th Gen - (8 GB/256 GB SSD/Mac OS Mojave) MVFL2HN/A,Rs.111162,4.7195,
Apple MacBook Air Core i5 8th Gen - (8 GB/128 GB SSD/Mac OS Mojave) MRE82HN/A,Rs.106990,4.7450,
Apple MacBook Air Core i5 8th Gen - (8 GB/128 GB SSD/Mac OS Mojave) MREA2HN/A,Rs.106990,4.7450,
Apple MacBook Air Core i5 8th Gen - (8 GB/128 GB SSD/Mac OS Mojave) MREE2HN/A,Rs.106990,4.7450,
Apple MacBook Air Core i5 5th Gen - (8 GB/128 GB SSD/Mac OS Sierra) A1466,Rs.75990,4.64,095
Apple MacBook Pro Core i5 7th Gen - (8 GB/128 GB SSD/Mac OS Sierra) MPXR2HN/A,Rs.112990,4.6105,
Apple MacBook Pro Core i5 8th Gen - (8 GB/512 GB SSD/Mac OS Mojave) MV9A2HN,Rs.166292,4.845,
Apple MacBook Pro Core i9 8th Gen - (16 GB/512 GB SSD/Mac OS Mojave/4 GB Graphics) MV932HN,Rs.224990,4.77,
Apple MacBook Pro Core i5 8th Gen - (8 GB/256 GB SSD/Mac OS Mojave) MUHP2HN/A,Rs.129985,4.912,
Apple MacBook Pro Core i5 8th Gen - (8 GB/256 GB SSD/Mac OS Mojave) A2159,Rs.129985,4.812,
